FirstName,LastName,Email,Age,Gender,Address,phoneNumber,JoinDate
Frazier,Seville,fseville0@vkontakte.ru,14,Male,68834 Norway Maple Plaza,0636787353,2024-12-05
Carissa,Gossage,cgossage1@lycos.com,59,Female,5402 Harper Junction,0533739490,2024-08-21
Kilian,Mixhel,kmixhel2@nsw.gov.au,25,Other,3 American Place,0536043453,2024-10-23
Alix,McNeachtain,amcneachtain3@altervista.org,58,Prefer not to say,40 Tomscot Lane,0926701960,2024-07-22
Inessa,Blanche,iblanche4@alexa.com,14,Female,0794 Talmadge Crossing,0534657846,2025-02-04
Deirdre,Wittman,dwittman5@timesonline.co.uk,43,Prefer not to say,1 Little Fleur Alley,0093165726,2025-05-20
Myrwyn,Eade,meade6@privacy.gov.au,20,Female,20 Buena Vista Way,0011699588,2025-11-07
Robinet,MacGillacolm,rmacgillacolm7@amazon.co.uk,16,Other,17 Rigney Circle,0680838525,2025-02-03
Midge,Tregenza,mtregenza8@1und1.de,30,Male,5 Autumn Leaf Way,0595619174,2025-12-16
Felice,McAne,fmcane9@umich.edu,32,Prefer not to say,3 Dakota Alley,0468984511,2025-04-20
Elianore,Isgar,eisgara@artisteer.com,53,Male,998 Columbus Crossing,0676330470,2024-12-23
Aguistin,Aymer,aaymerb@forbes.com,22,Prefer not to say,54802 Melvin Crossing,0829913838,2025-03-24
Dave,Sandell,dsandellc@soundcloud.com,53,Prefer not to say,9 Armistice Road,0637265971,2024-03-06
Rena,Seavers,rseaversd@liveinternet.ru,33,Female,0 Glacier Hill Way,0047962366,2025-09-10
Dory,Aspital,daspitale@cnn.com,16,Other,34 Magdeline Road,0379071394,2025-11-02
Gar,Konerding,gkonerdingf@angelfire.com,13,Female,4965 Comanche Drive,0961999497,2024-06-09
Rebekkah,Kettlesting,rkettlestingg@yahoo.co.jp,29,Male,04 Rusk Park,0070027470,2024-04-18
Janel,Di Francecshi,jdifrancecshih@whitehouse.gov,31,Female,58112 Stuart Drive,0057277306,2025-03-19
Madlen,Pfeffle,mpfefflei@cbslocal.com,38,Male,37920 Manley Court,0321473517,2024-05-08
Northrup,Cardis,ncardisj@sciencedaily.com,49,Prefer not to say,53 Gina Junction,0168140008,2024-08-23
Burnaby,Wadly,bwadlyk@adobe.com,24,Male,799 Cascade Crossing,0486604986,2025-07-12
Elene,Annett,eannettl@mapquest.com,44,Male,59812 Hazelcrest Drive,0951893242,2025-10-14
Berta,Dennitts,bdennittsm@typepad.com,22,Prefer not to say,25 Bellgrove Avenue,0419512670,2024-10-03
Michel,Tethacot,mtethacotn@plala.or.jp,27,Prefer not to say,68 Spaight Trail,0134919740,2024-10-14
Brewster,Hatchman,bhatchmano@boston.com,14,Male,252 Forest Dale Crossing,0019568145,2025-03-30
